书名,链接,国家,作者,翻译者,出版社,出版时间,价格,星级,评分,评价人数,简介
红楼梦,https://book.douban.com/subject/1007305/,中,曹雪芹著, 人民文学出版社 , 人民文学出版社 ,1996, 59.70,5,9.6,378343,都云作者痴，谁解其中味？
活着,https://book.douban.com/subject/4913064/,中,余华 , , 作家出版社 ,2012, 20.00,4.5,9.4,710338,生的苦难与伟大
1984,https://book.douban.com/subject/4820710/,英,乔治·奥威尔, 刘绍铭 , 北京十月文艺出版社 ,2010, 28.00,4.5,9.4,245469,栗树荫下，我出卖你，你出卖我
百年孤独,https://book.douban.com/subject/6082808/,哥伦比亚,加西亚·马尔克斯, 范晔 , 南海出版公司 ,2011, 39.50,4.5,9.3,381068,魔幻现实主义文学代表作
三体全集,https://book.douban.com/subject/6518605/,中,刘慈欣 , , 重庆出版社 ,2012, 168.00,5,9.5,140873,地球往事三部曲
飘,https://book.douban.com/subject/1068920/,美,玛格丽特·米切尔, 李美华 , 译林出版社 ,2000, 40.00,4.5,9.3,195457,革命时期的爱情，随风而逝
哈利·波特,https://book.douban.com/subject/24531956/,中,J.K.罗琳 (J.K.Rowling) , , 人民文学出版社 ,2008, 498.00,5,9.7,75924,从9¾站台开始的旅程
三国演义（全二册）,https://book.douban.com/subject/1019568/,中,罗贯中, 人民文学出版社 , 人民文学出版社 ,1998, 39.50,4.5,9.3,151894,是非成败转头空
房思琪的初恋乐园,https://book.douban.com/subject/27614904/,中,林奕含 , , 北京联合出版公司 ,2018, 45.00,4.5,9.2,321581,向死而生的文学绝唱
动物农场,https://book.douban.com/subject/2035179/,英,乔治·奥威尔, 荣如德 , 上海译文出版社 ,2007, 10.00,4.5,9.3,136410,太阳底下并无新事
白夜行,https://book.douban.com/subject/10554308/,日,东野圭吾, 刘姿君 , 南海出版公司 ,2013, 39.50,4.5,9.2,403260,一宗离奇命案牵出跨度近20年步步惊心的故事
小王子,https://book.douban.com/subject/1084336/,法,圣埃克苏佩里, 马振聘 , 人民文学出版社 ,2003, 22.00,4.5,9.1,698304,献给长成了大人的孩子们
天龙八部,https://book.douban.com/subject/1255625/,中,金庸 , , 生活·读书·新知三联书店 ,1994, 96.00,4.5,9.2,122776,有情皆孽，无人不冤
安徒生童话故事集,https://book.douban.com/subject/1046209/,中,（丹麦）安徒生 , , 人民文学出版社 ,1997, 25.00,4.5,9.2,116939,为了争取未来的一代
撒哈拉的故事,https://book.douban.com/subject/1060068/,中,三毛 , , 哈尔滨出版社 ,2003, 15.80,4.5,9.2,143628,游荡的自由灵魂
杀死一只知更鸟,https://book.douban.com/subject/6781808/,美,哈珀·李, 高红梅 , 译林出版社 ,2012, 32.00,4.5,9.2,123811,有一种东西不能遵循从众原则，那就是——人的良心
呐喊,https://book.douban.com/subject/1449351/,中,鲁迅 , , 人民文学出版社 ,1973, 0.36,4.5,9.1,137351,新文学的第一声呐喊
明朝那些事儿（1-9）,https://book.douban.com/subject/3674537/,中,当年明月 , , 中国海关出版社 ,2009, 358.20,4.5,9.2,142710,不拘一格的历史书写
沉默的大多数,https://book.douban.com/subject/1054685/,中,王小波 , , 中国青年出版社 ,1997, 27.00,4.5,9.1,136224,沉默是沉默者的通行证
失踪的孩子,https://book.douban.com/subject/30172069/,意,埃莱娜·费兰特, 陈英 , 人民文学出版社 ,2018, 62.00,4.5,9.2,63394,我的整个生命，只是一场为了提升社会地位的低俗斗争。
局外人,https://book.douban.com/subject/4908885/,法,阿尔贝·加缪, 柳鸣九 , 上海译文出版社 ,2010, 22.00,4.5,9.1,201702,人生在世，永远也不该演戏作假
中国历代政治得失,https://book.douban.com/subject/1003479/,中,钱穆 , , 生活·读书·新知三联书店 ,2001, 12.00,4.5,9.2,60612,一部简明的“中国政治制度史”
新名字的故事,https://book.douban.com/subject/26986954/,意,埃莱娜·费兰特, 陈英 , 人民文学出版社 ,2017, 59.00,4.5,9.2,73918,探索青年时代的激情、困惑、挣扎、背叛和失去
人类简史,https://book.douban.com/subject/25985021/,以色列,尤瓦尔·赫拉利, 林俊宏 , 中信出版社 ,2014, 68.00,4.5,9.1,178090,跟着人类一同走过十万年
平凡的世界（全三部）,https://book.douban.com/subject/1200840/,中,路遥 , , 人民文学出版社 ,2005, 64.00,4.5,9,300626,中国当代城乡生活全景
围城,https://book.douban.com/subject/1008145/,中,钱锺书 , , 人民文学出版社 ,1991, 19.00,4.5,9,424943,幽默的语言和对生活深刻的观察
笑傲江湖（全四册）,https://book.douban.com/subject/1002299/,中,金庸 , , 生活·读书·新知三联书店 ,1994, 76.80,4.5,9.1,103641,欲练此功，必先自宫
乡土中国,https://book.douban.com/subject/1795079/,中,费孝通 , , 上海人民出版社 ,2006, 38.00,4.5,9.3,68933,中国乡土社会传统文化和社会结构理论研究代表作
霍乱时期的爱情,https://book.douban.com/subject/10594787/,哥伦比亚,加西亚·马尔克斯, 杨玲 , 南海出版公司 ,2012, 39.50,4.5,9,251216,义无反顾地直达爱情的核心
白鹿原,https://book.douban.com/subject/10564071/,中,陈忠实 , , 人民文学出版社 ,2012, 39.00,4.5,9.3,86161,一轴关于我们民族灵魂的现实主义画卷
野草,https://book.douban.com/subject/1915958/,中,鲁迅 , , 人民文学出版社 ,1973, 0.20,5,9.5,36661,我以这一丛野草，在明与暗，生与死，过去与未来之际，献于友与仇，人与兽，爱者与不爱者之前作证。
东方快车谋杀案,https://book.douban.com/subject/1827374/,英,阿加莎·克里斯蒂, 陈尧光 , 人民文学出版社 ,2006, 18.00,4.5,9.1,125285,谋杀诡计惊人，波洛的抉择耐人寻味
邓小平时代,https://book.douban.com/subject/20424526/,美,傅高义, 冯克利 , 生活·读书·新知三联书店 ,2013, 88.00,4.5,9.3,51846,个人命运背后的历史变局
肖申克的救赎,https://book.douban.com/subject/1829226/,美,斯蒂芬·金, 施寄青 , 人民文学出版社 ,2006, 29.90,4.5,9.1,110090,豆瓣电影Top1原著
基督山伯爵,https://book.douban.com/subject/1085860/,法,大仲马, 周克希 , 上海译文出版社 ,1991, 43.90,4.5,9.1,120668,一个报恩复仇的故事，以法国波旁王朝和七月王朝为背景
月亮和六便士,https://book.douban.com/subject/1858513/,英,毛姆, 傅惟慈 , 上海译文出版社 ,2006, 15.00,4.5,9,187447,有多少人会经历顿悟，就有更少的人甘愿自我放逐
悉达多,https://book.douban.com/subject/26980487/,德,赫尔曼·黑塞, 姜乙 , 天津人民出版社 ,2017, 32.00,4.5,9.4,38871,无
江城,https://book.douban.com/subject/7060185/,美,彼得·海斯勒, 李雪顺 , 上海译文出版社 ,2012, 36.00,4.5,9.1,53571,外国人眼中的涪陵
我与地坛,https://book.douban.com/subject/1209899/,中,史铁生 , , 春风文艺出版社 ,2002, 25.00,4.5,9.2,87451,这是你的罪孽与福祉
万历十五年,https://book.douban.com/subject/1041482/,美,黄仁宇, 生活·读书·新知三联书店 , 生活·读书·新知三联书店 ,1997, 18.00,4.5,9,181625,见微知著，历史观的颠覆
城南旧事,https://book.douban.com/subject/1254588/,中,林海音 文 , , 中国青年出版社 ,2003, 16.00,4.5,9.1,137074,长亭外，古道边，芳草碧连天
彷徨,https://book.douban.com/subject/1449348/,中,鲁迅 , , 人民文学出版社 ,1973, 0.37,4.5,9.2,52863,路漫漫其修远兮，吾将上下而求索
艺术的故事,https://book.douban.com/subject/3162991/,英,贡布里希(SirE.H.Gombrich), 范景中 , 广西美术出版社 ,2008, 280.00,5,9.6,22473,从最早的洞窟绘画到当今的实验艺术
追风筝的人,https://book.douban.com/subject/1770782/,美,卡勒德·胡赛尼, 李继宏 , 上海人民出版社 ,2006, 29.00,4.5,8.9,749956,为你，千千万万遍
献给阿尔吉侬的花束,https://book.douban.com/subject/26362836/,美,丹尼尔·凯斯, 陈澄和 , 广西师范大学出版社 ,2015, 36.00,4.5,9.1,68290,当声称能改造智能的科学实验选中心智障碍主角
射雕英雄传,https://book.douban.com/subject/1044547/,中,金庸 , , 生活·读书·新知三联书店 ,1999, 47.00,4.5,9.1,77960,侠之大者，为国为民
罗杰疑案,https://book.douban.com/subject/21371175/,英,阿加莎·克里斯蒂, 常禾 , 新星出版社 ,2013, 28.00,4.5,9.2,50505,无
刀锋,https://book.douban.com/subject/2035162/,英,毛姆, 周煦良 , 上海译文出版社 ,2007, 18.00,4.5,9,78171,一把刀的锋刃不容易越过；因此智者说得救之道是困难的
卡拉马佐夫兄弟,https://book.douban.com/subject/1856494/,俄,费奥多尔·陀思妥耶夫斯基, 荣如德 , 上海译文出版社 ,2006, 25.00,4.5,9.4,25106,错综复杂的社会、家庭矛盾和人性悲剧
寻路中国,https://book.douban.com/subject/5414391/,美,彼得·海斯勒, 李雪顺 , 上海译文出版社 ,2011, 33.00,4.5,9,51258,《纽约客》驻北京记者驾车漫游中国大陆的经历
许三观卖血记,https://book.douban.com/subject/4760224/,中,余华 , , 作家出版社 ,2012, 24.00,4.5,9.1,110900,无
朝花夕拾,https://book.douban.com/subject/1449352/,中,鲁迅 , , 人民文学出版社 ,1973, 0.25,4.5,9,132560,在纷扰中寻出一点闲静
故事新编,https://book.douban.com/subject/2046909/,中,鲁迅 , , 人民文学出版社 ,1973, 0.31 ,4.5,9.4,32489,拾取古代传说，取一点因由，随意点染
树上的男爵,https://book.douban.com/subject/6789605/,意,伊塔洛·卡尔维诺, 吴正仪 , 译林出版社 ,2012, 30.00,4.5,9.1,45322,是不是真的只有先与人疏离，才能最终与他们在一起？
格林童话全集,https://book.douban.com/subject/1043008/,德,格林兄弟, 魏以新 , 人民文学出版社 ,1994, 21.45,4.5,9,86908,一本有教育意义的书
嫌疑人X的献身,https://book.douban.com/subject/3211779/,日,东野圭吾, 刘子倩 , 南海出版公司 ,2008, 28.00,4.5,8.9,488110,数学好是一种极致的浪漫
无人生还,https://book.douban.com/subject/3006581/,英,阿加莎・克里斯蒂, 祁阿红 , 人民文学出版社 ,2008, 19.00,4.5,9,131505,童谣杀人案
黄金时代,https://book.douban.com/subject/1089243/,中,王小波 , , 花城出版社 ,1999, 19.00,4.5,8.9,153859,我想爱，想吃，还想在一瞬间变成天上半明半暗的云
傲慢与偏见,https://book.douban.com/subject/1083428/,英,奥斯丁, 张玲 , 人民文学出版社 ,1993, 13.00,4.5,8.9,218989,所有现代言情小说的母体
中国少年儿童百科全书（全四册）,https://book.douban.com/subject/1028409/,中,林崇德 主编 , , 浙江教育出版社 ,1991, 168.00,4.5,9.4,14763,无
史记（全十册）,https://book.douban.com/subject/1077847/,中,司马迁 , , 中华书局 ,1982, 125.00,5,9.5,22162,史家之绝唱，无韵之离骚
鼠疫,https://book.douban.com/subject/24257229/,法,阿尔贝·加缪, 刘方 , 上海译文出版社 ,2013, 34.00,4.5,9.1,57157,用别样的监禁生活再现某种监禁生活，与用不存在的事表现真事同等合理
悲惨世界（上中下）,https://book.douban.com/subject/1205054/,法,雨果, 李丹 , 人民文学出版社 ,1992, 66.00,4.5,9,59230,现实主义与浪漫主义的至高杰作
历史深处的忧虑,https://book.douban.com/subject/1027191/,中,林达 , , 生活·读书·新知三联书店 ,1997, 19.00,4.5,9,42674,窥见美国社会的一扇窗
上帝掷骰子吗,https://book.douban.com/subject/1467022/,中,曹天元 , , 辽宁教育出版社 ,2006, 32.00,4.5,9.2,31281,量子物理史话
神雕侠侣,https://book.douban.com/subject/1255624/,中,金庸 , , 生活·读书·新知三联书店 ,1994, 76.80,4.5,8.9,94210,至情至性，情大于武
台北人,https://book.douban.com/subject/5337248/,中,白先勇 , , 广西师范大学出版社 ,2010, 38.00,4.5,9,59288,白先勇短篇小说集
永恒的终结,https://book.douban.com/subject/25829693/,美,艾萨克·阿西莫夫, 崔正男 , 江苏凤凰文艺出版社 ,2014, 32.00,4.5,9.1,38150,关于时间旅行的终极奥秘和恢宏构想
西游记（全二册）,https://book.douban.com/subject/1029553/,中,吴承恩 , , 人民文学出版社 ,2004, 47.20,4.5,9,76330,神魔皆有人情，精魅亦通世故
诗经,https://book.douban.com/subject/1883245/,中,孔丘 编订 , , 北京出版社 ,2006, 19.90,4.5,9.4,25113,思无邪
厌女,https://book.douban.com/subject/25836270/,中,上野千鹤子 , , 上海三联书店 ,2015, 28.00,4.5,9.1,46073,无
文学回忆录,https://book.douban.com/subject/20440644/,中,木心 口述 , , 广西师范大学出版社 ,2013, 98.00,4.5,9.1,41046,木心留给世界的礼物
哭泣的骆驼,https://book.douban.com/subject/1029111/,中,三毛 , , 哈尔滨出版社 ,2003, 15.80,4.5,9,53795,沙漠中寻常的生与死
一个叫欧维的男人决定去死,https://book.douban.com/subject/26672693/,瑞典,弗雷德里克·巴克曼, 宁蒙 , 四川文艺出版社 ,2015, 35.00,4.5,9.1,54654,这个发生在瑞典的故事，如生命庆典般绚丽斑斓
灿烂千阳,https://book.douban.com/subject/2143732/,美,卡勒德·胡赛尼, 李继宏 , 上海人民出版社 ,2007, 28.00,4.5,8.9,111690,唯有希望与爱可以驱散阴霾
最好的告别,https://book.douban.com/subject/26576861/,美,阿图·葛文德（AtulGawande）, 王一方 主编 , 浙江人民出版社 ,2015, 54.90,4.5,9,42226,关于衰老与死亡，你必须知道的常识
孽子,https://book.douban.com/subject/5337254/,中,白先勇 , , 广西师范大学出版社 ,2010, 46.00,4.5,9.1,35496,写给那一群， 在最深最深的黑夜里， 独自彷徨街头， 无所依归的孩子们
人间词话,https://book.douban.com/subject/1203426/,中,王国维 , , 上海古籍出版社 ,1998, 9.80,4.5,9,50637,以新眼光评旧文学
浪潮之巅,https://book.douban.com/subject/6709783/,中,吴军 , , 电子工业出版社 ,2011, 55.00,4.5,9,31597,了解IT领域的入门读物
窗边的小豆豆,https://book.douban.com/subject/1007914/,日,黑柳彻子著, 赵玉皎 , 南海出版公司 ,2003, 20.00,4.5,8.8,193651,真正懂孩子的教育经
唐诗三百首,https://book.douban.com/subject/1013267/,中,蘅塘退士 , , 中华书局 ,1984, 0.65,4.5,9.4,22802,熟读唐诗三百首，不会吟诗也会吟
看见,https://book.douban.com/subject/20427187/,中,柴静 , , 广西师范大学出版社 ,2013, 39.80,4.5,8.8,319891,在这里看见中国
美的历程,https://book.douban.com/subject/3410718/,中,李泽厚 , , 生活·读书·新知三联书店 ,2009, 43.00,4.5,9.2,26849,中国美学经典之作
秋园,https://book.douban.com/subject/34998019/,中,杨本芬 , , 北京联合出版公司 ,2020, 38.00,4.5,9,48416,无
置身事内,https://book.douban.com/subject/35546622/,中,兰小欢 , , 上海人民出版社 ,2021, 65.00,4.5,9.1,37632,无
道德经,https://book.douban.com/subject/1059258/,中,黄元吉 , , 陕西人民出版社 ,1996, 4.50,5,9.5,17772,中国历史上首部完整的哲学著作
呼兰河传,https://book.douban.com/subject/1060852/,中,萧红 , , 百花文艺出版社 ,2005, 19.00,4.5,8.9,75731,萧红的童年往事
爱你就像爱生命,https://book.douban.com/subject/3071717/,中,王小波 , , 上海锦绣文章出版社 ,2008, 18.00,4.5,8.8,106175,王小波与李银河的两地书
我们仨,https://book.douban.com/subject/1023045/,中,杨绛 , , 生活·读书·新知三联书店 ,2003, 18.80,4.5,8.7,289941,家庭生活回忆录
巨人的陨落,https://book.douban.com/subject/26698660/,英,肯·福莱特, 于大卫 , 江苏凤凰文艺出版社 ,2016, 129.80,4.5,8.9,79858,五个家族，一场战争
冬牧场,https://book.douban.com/subject/10522856/,中,李娟 , , 新星出版社 ,2012, 29.80,4.5,9.1,28372,阿勒泰的精灵
教父,https://book.douban.com/subject/1092335/,美,马里奥·普佐, 周汉林 , 译林出版社 ,1997, 23.30,4.5,9,37657,“教父三部曲”电影原著
四世同堂,https://book.douban.com/subject/3183775/,中,老舍 , , 北京十月文艺出版社 ,2008, 36.00,4.5,9.4,30967,北平沦陷时代广大平民的悲惨遭遇
离开的，留下的,https://book.douban.com/subject/27104959/,意,埃莱娜·费兰特, 陈英 , 人民文学出版社 ,2017, 62.00,4.5,8.9,59478,探索中年的虚无、困惑、野心和近乎残暴的爱
海子的诗,https://book.douban.com/subject/1011754/,中,海子 , , 人民文学出版社 ,1999, 15.40,4.5,9,42143,无
人生的枷锁,https://book.douban.com/subject/2035171/,英,毛姆, 张柏然 , 上海译文出版社 ,2007, 32.00,4.5,9.1,27323,在混沌纷扰的生活漩流中，寻求人生的真谛
看不见的城市,https://book.douban.com/subject/10555509/,意,伊塔洛·卡尔维诺, 张密 , 译林出版社 ,2012, 25.00,4.5,9,29383,无
美丽新世界,https://book.douban.com/subject/27002046/,中,【英】奥尔德斯·赫胥黎 , , 上海译文出版社 ,2017, 45.00,4.5,9.2,38581,无
斯通纳,https://book.douban.com/subject/26425831/,美,约翰·威廉斯, 杨向荣 , 上海人民出版社 ,2016, 49.00,4.5,8.9,53524,即使不能拥有完美的生活，所幸追求过完整的自我
飞鸟集,https://book.douban.com/subject/1058661/,印,罗宾德拉纳德·泰戈尔, 徐翰林 , 哈尔滨出版社 ,2004, 16.80,4.5,8.9,61148,一个淡泊清透的世界
人生的智慧,https://book.douban.com/subject/3261600/,中,(德)叔本华 , , 上海人民出版社 ,2008, 28.00,4.5,9.2,27961,对世俗、实用问题深刻而透彻的讨论
罪与罚,https://book.douban.com/subject/1858568/,俄,陀思妥耶夫斯基, 岳麟 , 上海译文出版社 ,2006, 23.00,4.5,9.2,27992,描绘人内心的全部深度
叫魂,https://book.douban.com/subject/10471333/,美,孔飞力, 陈兼 , 生活·读书·新知三联书店 上海三联书店 ,2012, 38.00,4.5,9.1,25367,1768年中国妖术大恐慌
鹿鼎记,https://book.douban.com/subject/1212893/,中,金庸 , , 广州出版社 花城出版社 ,2008, 108.00,4.5,8.9,52524,武侠的解构，流氓的狂欢
刘擎西方现代思想讲义,https://book.douban.com/subject/35313227/,中,刘擎 , , 新星出版社 ,2021, 79.00,4.5,9.2,22153,无
梦里花落知多少,https://book.douban.com/subject/2070844/,中,三毛 , , 北京十月文艺出版社 ,2007, 28.00,4.5,8.8,92302,哀而不伤
边城,https://book.douban.com/subject/1057244/,中,沈从文 , , 北岳文艺出版社 ,2002, 12.00,4.5,8.7,213304,一切充满了善，然而到处是不凑巧
这些人，那些事,https://book.douban.com/subject/6388661/,中,吴念真 , , 译林出版社 ,2011, 28.00,4.5,8.8,63596,平淡叙述下的惊心动魄
陆犯焉识,https://book.douban.com/subject/6880158/,中,严歌苓 , , 作家出版社 ,2011, 35.00,4.5,8.9,53116,翻手为苍凉，覆手为繁华
时间简史,https://book.douban.com/subject/1034282/,英,史蒂芬·霍金, 许明贤 , 湖南科学技术出版社 ,2010, 45.00,4.5,8.9,57840,探索时间和空间的核心秘密
金色梦乡,https://book.douban.com/subject/5038409/,日,伊坂幸太郎, 李彦桦 , 译林出版社 ,2010, 35.00,4.5,9,26587,伊坂幸太郎代表作
王尔德童话,https://book.douban.com/subject/1119839/,英,王尔德, 王林 , 译林出版社 ,2003, 6.00,4.5,9.1,21367,一颗纯美纯善、永难泯灭的童心
小径分岔的花园,https://book.douban.com/subject/25796120/,阿根廷,豪·路·博尔赫斯, 王永年 , 上海译文出版社 ,2015, 23.00,4.5,9,34518,一个谜语，谜底正是时间
你当像鸟飞往你的山,https://book.douban.com/subject/33440205/,美,塔拉·韦斯特弗, 任爱红 , 南海出版公司 ,2019, 59.00,4.5,8.7,148273,我来自一个极少有人能想象的家庭，教育给了我新世界
受戒,https://book.douban.com/subject/1760432/,中,汪曾祺 , , 漓江出版社 ,1987, 3.95,4.5,9.3,21595,江南乡镇民间生活，健康淳朴的人性
十万个为什么,https://book.douban.com/subject/2160556/,中,无, ,少年儿童出版社 ,1987, 30.00,4.5,9.1,16590,无
也许你该找个人聊聊,https://book.douban.com/subject/35481512/,美,洛莉·戈特利布, 张含笑 ,上海文化出版社 ,2021, 68.00,4.5,9,29151,无
棋王·树王·孩子王,https://book.douban.com/subject/26734559/,中,阿城 , , 江苏凤凰文艺出版社 ,2016, 58.00,4.5,9.2,19352,无
绝叫,https://book.douban.com/subject/35031587/,日,叶真中显, 林佩瑾 , 北京联合出版公司 ,2020, 58.00,4.5,8.9,53133,无
昨日的世界,https://book.douban.com/subject/1062343/,奥,斯蒂芬·茨威格, 舒昌善 , 广西师范大学出版社 ,2004, 32.00,4.5,9.2,13287,一个高贵而残破的昨日镜像
失明症漫记,https://book.douban.com/subject/20428302/,葡,若泽·萨拉马戈, 范维信 , 南海出版公司 ,2014, 29.50,4.5,9.1,23537,失明症迅速蔓延，整个城市陷入一场空前的灾难
毛泽东选集 第一卷,https://book.douban.com/subject/1139360/,中,毛泽东 , , 人民出版社 ,1991, 40.00,5,9.6,20475,无
克莱因壶,https://book.douban.com/subject/33658616/,日,冈岛二人, 张舟 , 化学工业出版社 ,2019, 48.00,4.5,8.9,43689,无
一个陌生女人的来信,https://book.douban.com/subject/2154960/,奥,斯蒂芬·茨威格, 张玉书 , 上海译文出版社 ,2007, 20.00,4.5,8.7,134196,暗恋的极致
國史大綱（上下）,https://book.douban.com/subject/1046492/,中,錢穆 , , 商务印书馆 ,2013, 76.00,4.5,9.4,14723,钱穆中国通史
故事,https://book.douban.com/subject/25976544/,美,罗伯特·麦基, 周铁东 , 天津人民出版社 ,2014, 68.00,4.5,9.2,16258,材质、结构、风格和银幕剧作的原理
茶馆,https://book.douban.com/subject/1036613/,中,老舍 , , 人民文学出版社 ,2002, 9.80,4.5,9.1,25937,清末、民初、抗战胜利以后三个历史时期的北京生活风貌
绿毛水怪,https://book.douban.com/subject/3518332/,中,王小波 , , 时代文艺出版社 ,2009, 30.00,4.5,9.1,21504,我们好象在池塘的水底，从一个月亮走向另一个月亮
桶川跟踪狂杀人事件,https://book.douban.com/subject/35094680/,日,清水洁, 王华懋 , 四川人民出版社 ,2021, 45.00,4.5,9,28232,无
人间草木,https://book.douban.com/subject/1253310/,中,汪曾祺 , , 江苏文艺出版社 ,2005, 20.00,4.5,9.2,26072,我就是要这样香，香得痛痛快快
经济学原理（上下）,https://book.douban.com/subject/1028842/,美,曼昆, 梁小民 , 机械工业出版社 ,2003, 88.00,4.5,9.1,20254,经济学家们的世界观
面纱,https://book.douban.com/subject/10560798/,中,(英)W.萨默塞特·毛姆 , , 重庆出版社 ,2012, 32.00,4.5,8.8,66836,揭去生活的面纱
海的女儿,https://book.douban.com/subject/1765512/,中,安徒生 , , 上海译文出版社 ,1978, 0.43,4.5,9.1,19542,无
苏菲的世界,https://book.douban.com/subject/2284311/,挪,乔斯坦·贾德, 萧宝森 , 作家出版社 ,2007, 26.00,4.5,8.8,51976,哲学启蒙书
万水千山走遍,https://book.douban.com/subject/1036490/,中,三毛 , , 哈尔滨出版社 ,2003, 13.80,4.5,8.8,42766,从遥远的撒哈拉到敦煌戈壁
阿勒泰的角落,https://book.douban.com/subject/4881850/,中,李娟 , , 万卷出版公司 ,2010, 25.00,4.5,9.1,17639,白雪和阳光，青草和白桦林
全球通史(上),https://book.douban.com/subject/1922216/,美,斯塔夫里阿诺斯, 吴象婴 , 北京大学出版社 ,2006, 42.00,4.5,9.2,15682,无
爱的艺术,https://book.douban.com/subject/3026879/,美,艾·弗洛姆, 李健鸣 , 上海译文出版社 ,2008, 15.00,4.5,8.8,41641,谦恭地、勇敢地、真诚地和有纪律地爱他人
史蒂夫·乔布斯传,https://book.douban.com/subject/6798611/,美,沃尔特·艾萨克森, 管延圻 , 中信出版社 ,2011, 68.00,4.5,8.7,56953,完美主义者的最高形态
我的天才女友,https://book.douban.com/subject/26878124/,意,埃莱娜·费兰特, 陈英 , 人民文学出版社 ,2017, 42.00,4.5,8.7,92455,“那不勒斯四部曲”第一部，两个女人，50年的友谊和战争
德米安,https://book.douban.com/subject/3578470/,德,赫尔曼·黑塞, 丁君君 , 上海人民出版社 ,2009, 25.00,4.5,8.9,29087,少年辛克莱寻找通向自身之路的艰辛历程
温柔的夜,https://book.douban.com/subject/2068249/,中,三毛 , , 北京十月文艺出版社 ,2007, 28.00,4.5,9.1,21280,三毛在加纳利群岛的生活
不能承受的生命之轻,https://book.douban.com/subject/4920007/,中,米兰·昆德拉 , , 上海译文出版社 ,2010, 29.00,4.5,8.8,41668,无
霸王别姬,https://book.douban.com/subject/1088711/,中,李碧华 , , 人民文学出版社 ,1999, 10.20,4.5,9.1,19795,人间，只是抹去了脂粉的脸
长日将尽,https://book.douban.com/subject/30142261/,英,石黑一雄, 冯涛 , 上海译文出版社 ,2018, 48,4.5,8.9,26909,无
13 67,https://book.douban.com/subject/25897884/,中,陳浩基 , , 皇冠文化出版有限公司 ,2014, NT$350,4.5,9.2,16057,无
我也有一个梦想,https://book.douban.com/subject/1014825/,中,林达 , , 生活·读书·新知三联书店 ,2004, 25.00,4.5,9,15031,在法治国家里，民众怎样运用法律
球状闪电,https://book.douban.com/subject/1192090/,中,刘慈欣 , , 四川科学技术出版社 ,2005, 22.00,4.5,8.7,74338,量子之外，没有真相
古文观止,https://book.douban.com/subject/1014561/,中,吴楚材 , , 中华书局 ,1987, 21.00,4.5,9.1,17508,收录自先秦至明末的散文二百二十二篇
亮剑,https://book.douban.com/subject/1088022/,中,都梁 , , 解放军文艺出版社 ,2005, 28.00,4.5,9,27144,面对强大的对手，明知不敌，也要毅然亮剑
少年凯歌,https://book.douban.com/subject/1091203/,中,陈凯歌 , , 人民文学出版社 ,2001, 10.00,4.5,9.3,10860,无
社会心理学,https://book.douban.com/subject/1476651/,美,戴维·迈尔斯, 张智勇 , 人民邮电出版社 ,2006, 68.00,4.5,9,24390,人们是如何思索、影响他人并与他人建立联系的
我的阿勒泰,https://book.douban.com/subject/4884218/,中,李娟 , , 云南人民出版社 ,2010, 22.00,4.5,8.9,24278,描写疆北阿勒泰地区生活和风情的原生态散文集
一句顶一万句,https://book.douban.com/subject/3633461/,中,刘震云 , , 长江文艺出版社 ,2009, 29.80,4.5,8.7,57819,一句胜过千年
我不知道该说什么，关于死亡还是爱情,https://book.douban.com/subject/25884880/,白俄,S·A·阿列克谢耶维奇, 方祖芳 , 花城出版社 ,2014, 34.80,4.5,9.1,18236,真实记录切尔诺贝利核灾难事件
海风中失落的血色馈赠,https://book.douban.com/subject/26357614/,加拿大,阿利斯泰尔·麦克劳德, 陈以侃 , 上海文艺出版社 ,2015,  20.00,4.5,9.1,17106,男女之间、父母与子女之间紧密的纽带和难以逾越的鸿沟
倾城之恋,https://book.douban.com/subject/1985223/,中,张爱玲 , , 北京十月文艺出版社 ,2006, 29.80,4.5,8.7,47944,“一对平凡的夫妻”之间的“一点真心”
孩子你慢慢来,https://book.douban.com/subject/4207781/,中,龙应台 , , 生活·读书·新知三联书店 ,2009, 28.00,4.5,8.7,75259,我们现在怎样做母亲
麦琪的礼物,https://book.douban.com/subject/1051193/,美,欧·亨利, 张经浩 , 上海社会科学院出版社 ,2003, 25.00,4.5,8.7,70874,日常的奇迹
遥远的向日葵地,https://book.douban.com/subject/27184303/,中,李娟 , , 花城出版社 ,2017, 38.00,4.5,9.1,18734,无
天朝的崩溃,https://book.douban.com/subject/1675478/,中,茅海建 , , 生活·读书·新知三联书店 ,2005, 32.00,4.5,9.1,13508,鸦片战争再研究
强风吹拂,https://book.douban.com/subject/26210487/,中,三浦紫苑 , , 广西师范大学出版社 ,2015, 39.00,4.5,9,20464,明明这么痛苦，这么难过，为什么就是不能放弃跑步？
浮生六记,https://book.douban.com/subject/1088581/,中,（清）沈复 , , 人民文学出版社 ,1999, 38,4.5,8.8,64365,苟不记之笔墨，未免有辜彼苍之厚
草房子,https://book.douban.com/subject/1052990/,中,曹文轩 , , 江苏少年儿童出版社 ,2009, 18.00,4.5,9,42471,男孩桑桑刻骨铭心、终身难忘的六年小学生活
万物有灵且美,https://book.douban.com/subject/4187411/,英,吉米·哈利, 种衍伦 , 中国城市出版社 ,2010, 28.80,4.5,8.9,21479,活泼的生命完全无须借助魔法，便能对我们述说至美至真的故事
送你一颗子弹,https://book.douban.com/subject/4238362/,中,刘瑜 , , 上海三联书店 ,2010, 25.00,4.5,8.6,138411,在这本书里，被“审视”的东西杂七杂八
渴望生活,https://book.douban.com/subject/3054821/,美,欧文·斯通, 常涛 , 北京十月文艺出版社 ,2008, 29.80,4.5,9.2,11007,梵高悲惨而成就辉煌的人生
九州·缥缈录,https://book.douban.com/subject/1321017/,中,江南 , , 新世界出版社 ,2005, 20.00,4.5,8.8,30257,乱世的英雄史诗
尼罗河上的惨案,https://book.douban.com/subject/1818347/,英,阿加莎·克里斯蒂, 宫英海 , 人民文学出版社 ,2006, 22.00,4.5,8.7,45338,阿加莎·克里斯蒂代表作
情书,https://book.douban.com/subject/1080370/,日,岩井俊二, 穆晓芳 , 天津人民出版社 ,2004, 18.00,4.5,8.6,101515,一场同名同姓的误会，两段可贵的爱情
鹿川有许多粪,https://book.douban.com/subject/35517022/,中,李沧东 , , 武汉大学出版社 ,2021, 58.00,4.5,9,17482,无
恶意,https://book.douban.com/subject/26877752/,日,东野圭吾, 娄美莲 , 南海出版公司 ,2016, 39.50,4.5,8.7,87115,无
半生缘,https://book.douban.com/subject/1963684/,中,张爱玲 , , 北京十月文艺出版社 ,2006, 28.00,4.5,8.6,79019,世钧，我们回不去了
野火集,https://book.douban.com/subject/1426971/,中,龙应台 , , 文汇出版社 ,2005, 25.00,4.5,8.8,33919,中国人，你为什么不生气
安娜·卡列尼娜,https://book.douban.com/subject/2253380/,俄,列夫·托尔斯泰, 草婴 , 上海文艺出版社 ,2007, 37.00,4.5,9.2,22100,无
罗生门,https://book.douban.com/subject/3136271/,日,芥川龙之介, 林少华 , 上海译文出版社 ,2008, 12.00,4.5,8.7,63393,人生，远比地狱更像地狱
银河系漫游指南,https://book.douban.com/subject/1394364/,英,道格拉斯·亚当斯, 徐百柯 , 四川科学技术出版社 ,2005, 16.00,4.5,8.8,20727,一场穿越银河的冒险
一桩事先张扬的凶杀案,https://book.douban.com/subject/24382569/,哥伦比亚,加西亚·马尔克斯, 魏然 , 南海出版公司 ,2013, 25.00,4.5,8.7,38732,我如此急切地想要讲述这桩案件，也许是它最终确定了我的作家生涯
倚天屠龙记,https://book.douban.com/subject/1070851/,中,金庸 , , 生活·读书·新知三联书店 ,1999, 47.00,4.5,8.7,57376,不识张郎是张郎
额尔古纳河右岸,https://book.douban.com/subject/3311253/,中,迟子建 , , 北京十月文艺出版社 ,2005, 29.00,4.5,9,21060,东北少数民族鄂温克人生存现状及百年沧桑
理想国,https://book.douban.com/subject/1004821/,古希腊,柏拉图, 郭斌和 , 商务印书馆 ,1986, 28.00,4.5,8.8,31709,人类历史上最早的乌托邦
2001：太空漫游,https://book.douban.com/subject/30471298/,英,阿瑟·克拉克, 郝明义 , 上海文艺出版社 ,2019, 62.00,4.5,9.3,15788,无
你好，旧时光（上 下）,https://book.douban.com/subject/4166819/,中,八月长安 , , 新世界出版社 ,2009, 39.80,4.5,8.7,45547,原作名切题
枪炮、病菌与钢铁,https://book.douban.com/subject/1813841/,美,贾雷德·戴蒙德, 谢延光 , 上海译文出版社 ,2006, 45.00,4.5,8.7,44987,人类社会的命运
雨季不再来,https://book.douban.com/subject/2136140/,中,三毛 , , 北京十月文艺出版社 ,2007, 28.00,4.5,8.7,51110,三毛少女时代的成长感受
一千零一夜,https://book.douban.com/subject/1035848/,中,纳训 , , 人民文学出版社 ,2003, 22.00,4.5,8.7,54610,阿拉伯地区的古代民间传说
孙子兵法,https://book.douban.com/subject/1949420/,中,孙武 , , 上海古籍出版社 ,2006, 20.00,4.5,9.4,11651,我国最古老最杰出的一部兵书
雷雨,https://book.douban.com/subject/1013416/,中,曹禺 , , 人民文学出版社 ,1999, 9.20,4.5,8.7,73159,一幕人生大悲剧，在一个雷雨夜爆发
激荡三十年,https://book.douban.com/subject/3151575/,中,吴晓波 , , 中信出版社 ,2008, 32.00,4.5,8.6,16941,中国企业1978—2008
目送,https://book.douban.com/subject/3995526/,中,龙应台 , , 生活·读书·新知三联书店 ,2009, 39.00,4.5,8.6,204886,不必追
冰与火之歌,https://book.douban.com/subject/25826936/,中,乔治·马丁 , , 重庆出版社 ,2013, 330.00,5,9.5,14955,乔治·R·R·马丁史诗奇幻小说
解忧杂货店,https://book.douban.com/subject/25862578/,日,东野圭吾, 李盈春 , 南海出版公司 ,2014, 39.50,4.5,8.5,724362,现代人内心流失的东西，这家杂货店能帮你找回
亲爱的安德烈,https://book.douban.com/subject/3369793/,中,龙应台 , , 人民文学出版社 ,2008, 26.00,4.5,8.6,117680,弭平代沟，跨越文化阻隔
最好的我们,https://book.douban.com/subject/24754316/,中,八月长安 , , 湖南文艺出版社 ,2013, 55,4.5,8.7,67876,耿耿余淮
水浒传（全二册）,https://book.douban.com/subject/1008357/,中,施耐庵, 人民文学出版社 , 人民文学出版社 ,1997, 50.60,4.5,8.7,70487,替天行道
银河帝国：基地七部曲,https://book.douban.com/subject/26389895/,美,艾萨克·阿西莫夫, 叶李华 , 江苏凤凰文艺出版社 ,2015, 328.00,5,9.5,12083,阿西莫夫经典科幻小说
论语,https://book.douban.com/subject/1964774/,中,刘胜利 , , 中华书局 ,2006, 9.80,4.5,9.1,20623,仁远乎哉？我欲仁，斯仁至矣
当呼吸化为空气,https://book.douban.com/subject/26896859/,美,保罗·卡拉尼什, 何雨珈 , 浙江文艺出版社 ,2016, 48.00,4.5,8.9,24698,你在死亡中探究生命的意义，你见证生前的呼吸化作死后的空气
上学记,https://book.douban.com/subject/1859140/,中,何兆武 口述 , , 生活·读书·新知三联书店 ,2006, 19.80,4.5,8.9,13562,20世纪中国知识分子的心灵史
顾城的诗,https://book.douban.com/subject/1033825/,中,顾城 , , 人民文学出版社 ,1998, 20.00,4.5,8.8,24052,火焰是我们诗歌唯一的读者
认识电影,https://book.douban.com/subject/2326403/,美,路易斯·贾内梯, 焦雄屏 , 世界图书出版公司 ,2007, 68.00,4.5,8.9,17365,电影入门经典之作
天生有罪,https://book.douban.com/subject/30125030/,南非,特雷弗·诺亚, 董帅 , 北京联合出版公司 ,2018, 58.00,4.5,9.1,14994,无
总统是靠不住的,https://book.douban.com/subject/1056315/,中,林达 , , 生活·读书·新知三联书店 ,2004, 21.80,4.5,8.8,19830,美国政治法律制度的基本原理和操作细节
你一生的故事,https://book.douban.com/subject/26295448/,美,特德·姜, 李克勤 , 译林出版社 ,2015, 36.00,4.5,8.7,31358,特德·姜科幻小说集
荒原狼,https://book.douban.com/subject/3131626/,德,赫尔曼·黑塞, 赵登荣 , 上海译文出版社 ,2008, 13.00,4.5,9,18341,“超现实主义”风格作品，德国的《尤利西斯》
众病之王,https://book.douban.com/subject/20507206/,美,悉达多·穆克吉, 李虎 , 中信出版社 ,2013, 42.00,4.5,9.1,11857,癌症传
荆棘鸟,https://book.douban.com/subject/1086249/,澳,考琳·麦卡洛, 曾胡 , 译林出版社 ,1998, 28.00,4.5,8.6,50402,澳洲乱世情
象棋的故事,https://book.douban.com/subject/2158684/,奥,斯蒂芬·茨威格, 张玉书 , 上海译文出版社 ,2007, 23.00,4.5,9.1,11562,纳粹法西斯对人心灵的折磨及摧残
从一到无穷大,https://book.douban.com/subject/1102715/,美,G.伽莫夫, 暴永宁 译 , 科学出版社 ,2002, 29.00,4.5,9.1,12843,科学中的事实和臆测
雕刻时光,https://book.douban.com/subject/26435510/,苏,安德烈·塔可夫斯基, 张晓东 , 南海出版公司 ,2016, 45.00,5,9.5,6784,无
现代艺术150年,https://book.douban.com/subject/26854318/,英,威尔·贡培兹, 王烁 , 广西师范大学出版社 ,2017, 65.00,4.5,9.2,12156,无
庄子,https://book.douban.com/subject/2046236/,中,孙通海 译注 , , 中华书局 ,2007, 20.00,4.5,9.4,10002,野马也，尘埃也，生物之以息相吹也
火星救援,https://book.douban.com/subject/26586492/,美,安迪·威尔, 陈灼 , 译林出版社 ,2015, 38.00,4.5,8.9,17236,跟火星来一场不是你死就是我活的过家家游戏
从零开始的女性主义,https://book.douban.com/subject/35523099/,日本,上野千鹤子, 吕灵芝 , 北京联合出版公司 ,2021, 52.00,4.5,8.7,38110,无
青铜时代,https://book.douban.com/subject/1085883/,中,王小波 , , 花城出版社 ,1997, 29.00,4.5,8.8,25024,唐人传奇贯注现代情趣
繁花,https://book.douban.com/subject/22714154/,中,金宇澄 , , 上海文艺出版社 ,2013, 48.00,4.5,8.7,30561,海上繁花，请静观静读
正见,https://book.douban.com/subject/1963912/,中,宗萨蒋扬钦哲仁波切 , , 中国友谊出版公司 ,2007, 25.00,4.5,8.8,16627,佛陀的证悟
香水,https://book.douban.com/subject/3815125/,德,帕·聚斯金德, 李清华 , 上海译文出版社 ,2009, 25.00,4.5,8.9,19090,无
中国哲学简史,https://book.douban.com/subject/1021273/,中,冯友兰 , , 新世界出版社 ,2004, 38.00,4.5,8.9,18623,中国哲学入门书
毛姆短篇小说精选集,https://book.douban.com/subject/10774752/,英,威廉·萨默塞特·毛姆, 冯亦代 , 译林出版社 ,2012, 36.00,4.5,9.1,11397,在各种光怪陆离的场景中，迷失的人性引发了一连串的悲剧
规训与惩罚,https://book.douban.com/subject/1012307/,法,米歇尔·福柯, 刘北成 , 生活·读书·新知三联书店 ,2003, 21.80,4.5,9.3,9185,伴随着惩罚的人性化，自由反而日益丧失了
此生未完成,https://book.douban.com/subject/6397275/,中,于娟 , , 湖南科学技术出版社 ,2011, 26.00,4.5,8.8,21540,一个母亲、妻子、女儿的生命日记
骆驼祥子,https://book.douban.com/subject/1043815/,中,老舍 , , 人民文学出版社 ,2000, 12.00,4.5,8.6,188256,旧中国老北京贫苦市民的典型命运
金锁记,https://book.douban.com/subject/3017857/,中,张爱玲 , , 哈尔滨出版社 ,2005, 13.5,4.5,8.6,58647,一个小商人家庭出身的女子曹七巧的心灵变迁历程
二手时间,https://book.douban.com/subject/26704403/,白俄,S.A.阿列克谢耶维奇, 吕宁思 , 中信出版社 ,2016, 55.00,4.5,8.9,20277,用最为细小的马赛克拼出了一幅完整的后苏联时代图景
不存在的骑士,https://book.douban.com/subject/6789551/,意,伊塔洛·卡尔维诺, 吴正仪 , 译林出版社 ,2012, 22.00,4.5,8.9,17576,无
了不起的盖茨比,https://book.douban.com/subject/10738023/,美,斯科特·菲茨杰拉德, 邓若虚 , 南海出版公司 ,2012, 25.00,4.5,8.7,46186,无
如彗星划过夜空,https://book.douban.com/subject/1762869/,中,林达 , , 生活·读书·新知三联书店 ,2006, 21.00,4.5,8.9,11088,无
夏洛的网,https://book.douban.com/subject/1036274/,美,E.B.怀特, 任溶溶 , 上海译文出版社 ,2004, 17.00,4.5,8.6,64896,一个蜘蛛和小猪的故事，写给孩子，也写给大人
黑客与画家,https://book.douban.com/subject/6021440/,美,PaulGraham, 阮一峰 , 人民邮电出版社 ,2011, 49.00,4.5,8.7,22035,硅谷创业之父Paul Graham文集
民主的细节,https://book.douban.com/subject/3813669/,中,刘瑜 , , 上海三联书店 ,2009, 25.00,4.5,8.5,74179,公民养成手册
哈姆莱特,https://book.douban.com/subject/1006197/,英,莎士比亚, 朱生豪 , 人民文学出版社 ,2001, 7.00,4.5,8.7,45153,生存还是毁灭，这是一个值得思考的问题
消失的13级台阶,https://book.douban.com/subject/34996429/,日,高野和明, 赵建勋 , 上海文艺出版社 ,2020, 42.00,4.5,8.6,68165,无
步履不停,https://book.douban.com/subject/26963321/,日,是枝裕和, 郑有杰 , 北京联合出版公司 ,2017, 36.80,4.5,8.7,36914,人生路上，步履不停，总有那么一点来不及
东晋门阀政治,https://book.douban.com/subject/10758290/,中,田余庆 , , 北京大学出版社 ,2012, 49.00,5,9.5,8557,无
时间的秩序,https://book.douban.com/subject/33424487/,意,卡洛·罗韦利, 杨光 , 湖南科学技术出版社 ,2019, 56.00,4.5,8.9,18382,无
黑箱,https://book.douban.com/subject/30484795/,日,伊藤诗织, 匡匡 ,中信出版集团 ,2019, 48.00,4.5,8.9,18614,无
张爱玲文集,https://book.douban.com/subject/1004992/,中,张爱玲 , , 安徽文艺出版社 ,1992, 45,4.5,8.9,15025,无
牡丹亭,https://book.douban.com/subject/1073708/,中,汤显祖 , , 人民文学出版社 ,1963, 14.50,4.5,9,12780,不到园林，怎知春色如许
被讨厌的勇气,https://book.douban.com/subject/26369699/,中,岸见一郎 , , 机械工业出版社 ,2015, 39.8,4.5,8.6,100867,无
会饮篇,https://book.douban.com/subject/21570668/,古希腊,柏拉图, 王太庆 , 商务印书馆 ,2013, 12.00,4.5,9.3,8898,无
稻草人手记,https://book.douban.com/subject/3607117/,中,三毛 , , 北京十月文艺出版社 ,2009, 18.00,4.5,8.9,18929,三毛在加纳利群岛上的生活
社会契约论,https://book.douban.com/subject/1277981/,法,卢梭, 何兆武 , 商务印书馆 ,2003, 18.00,4.5,8.9,17976,一个国家只能有一个契约
社会性动物,https://book.douban.com/subject/2328458/,中,埃利奥特·阿伦森Elliot Aronson , , 华东师范大学出版社 ,2007, 45.00,4.5,9.1,12974,美国社会心理学的《圣经》
分成两半的子爵,https://book.douban.com/subject/10555486/,意,伊塔洛·卡尔维诺, 吴正仪 , 译林出版社 ,2012, 20.00,4.5,8.8,19904,无
狂热分子,https://book.douban.com/subject/3057556/,美,埃里克·霍弗, 梁永安 , 广西师范大学出版社 ,2011, 34.00,4.5,8.8,14027,探讨群众运动的共有特征
显微镜下的大明,https://book.douban.com/subject/30414743/,中,马伯庸 , , 湖南文艺出版社 ,2019, 52.00,4.5,8.8,26498,无
牧羊少年奇幻之旅,https://book.douban.com/subject/3608208/,巴西,保罗·柯艾略, 丁文林 , 南海出版公司 ,2009, 25.00,4.5,8.5,149735,你自己就是最大的宝藏
金阁寺,https://book.douban.com/subject/3391248/,日,三岛由纪夫, 唐月梅 , 上海译文出版社 ,2009, 24.00,4.5,8.7,32251,他的犯罪动机是对美的嫉妒
